{
  "cot": {
    "clean": 0.5333333333333333,
    "typo_10": 0.3333333333333333,
    "typo_20": 0.4,
    "inject_override": 0.4666666666666667,
    "inject_fake_sys": 0.5333333333333333,
    "inject_hidden": 0.4,
    "fake_positive": 0.5333333333333333,
    "fake_negative": 0.2
  },
  "knot": {
    "clean": 0.4666666666666667,
    "typo_10": 0.4666666666666667,
    "typo_20": 0.4666666666666667,
    "inject_override": 0.4666666666666667,
    "inject_fake_sys": 0.4666666666666667,
    "inject_hidden": 0.4666666666666667,
    "fake_positive": 0.4666666666666667,
    "fake_negative": 0.4666666666666667
  }
}