{
  "type": "ranking",
  "k": 5,
  "hits_at": {
    "1": {
      "mean": 0.5,
      "std": 0.0,
      "values": [
        0.5
      ]
    },
    "2": {
      "mean": 0.6052631578947368,
      "std": 0.0,
      "values": [
        0.6052631578947368
      ]
    },
    "3": {
      "mean": 0.6578947368421053,
      "std": 0.0,
      "values": [
        0.6578947368421053
      ]
    },
    "4": {
      "mean": 0.6578947368421053,
      "std": 0.0,
      "values": [
        0.6578947368421053
      ]
    },
    "5": {
      "mean": 0.6578947368421053,
      "std": 0.0,
      "values": [
        0.6578947368421053
      ]
    }
  },
  "per_run": [
    {
      "total": 38,
      "k": 5,
      "hits_at": {
        "1": {
          "hits": 19,
          "accuracy": 0.5
        },
        "2": {
          "hits": 23,
          "accuracy": 0.6052631578947368
        },
        "3": {
          "hits": 25,
          "accuracy": 0.6578947368421053
        },
        "4": {
          "hits": 25,
          "accuracy": 0.6578947368421053
        },
        "5": {
          "hits": 25,
          "accuracy": 0.6578947368421053
        }
      }
    }
  ],
  "runs": 1,
  "method": "anot",
  "data": "philly_cafes",
  "attack": "clean",
  "usage": {
    "total_calls": 185,
    "total_prompt_tokens": 173548,
    "total_completion_tokens": 187095,
    "total_tokens": 360643,
    "total_cost_usd": 0.138289,
    "mean_cost_per_run": 0.138289,
    "per_run": [
      {
        "total_calls": 185,
        "total_prompt_tokens": 173548,
        "total_completion_tokens": 187095,
        "total_tokens": 360643,
        "total_cost_usd": 0.138289,
        "total_latency_ms": 2242142.88,
        "avg_latency_ms": 12119.69,
        "by_model": {
          "gpt-5-nano": {
            "calls": 185,
            "prompt_tokens": 173548,
            "completion_tokens": 187095,
            "cost_usd": 0.138289
          }
        }
      }
    ]
  }
}