{
  "type": "ranking",
  "k": 5,
  "hits_at": {
    "1": {
      "mean": 0.32727272727272727,
      "std": 0.0,
      "values": [
        0.32727272727272727
      ]
    },
    "2": {
      "mean": 0.4909090909090909,
      "std": 0.0,
      "values": [
        0.4909090909090909
      ]
    },
    "3": {
      "mean": 0.5272727272727272,
      "std": 0.0,
      "values": [
        0.5272727272727272
      ]
    },
    "4": {
      "mean": 0.5272727272727272,
      "std": 0.0,
      "values": [
        0.5272727272727272
      ]
    },
    "5": {
      "mean": 0.5818181818181818,
      "std": 0.0,
      "values": [
        0.5818181818181818
      ]
    }
  },
  "per_run": [
    {
      "total": 55,
      "k": 5,
      "hits_at": {
        "1": {
          "hits": 18,
          "accuracy": 0.32727272727272727
        },
        "2": {
          "hits": 27,
          "accuracy": 0.4909090909090909
        },
        "3": {
          "hits": 29,
          "accuracy": 0.5272727272727272
        },
        "4": {
          "hits": 29,
          "accuracy": 0.5272727272727272
        },
        "5": {
          "hits": 32,
          "accuracy": 0.5818181818181818
        }
      }
    }
  ],
  "runs": 1,
  "method": "anot",
  "data": "philly_cafes",
  "attack": "clean",
  "usage": {
    "total_calls": 677,
    "total_prompt_tokens": 2683525,
    "total_completion_tokens": 852533,
    "total_tokens": 3536058,
    "total_cost_usd": 0.914049,
    "mean_cost_per_run": 0.914049,
    "per_run": [
      {
        "total_calls": 677,
        "total_prompt_tokens": 2683525,
        "total_completion_tokens": 852533,
        "total_tokens": 3536058,
        "total_cost_usd": 0.914049,
        "total_latency_ms": 8475139.92,
        "avg_latency_ms": 12518.67,
        "by_model": {
          "gpt-5-nano": {
            "calls": 677,
            "prompt_tokens": 2683525,
            "completion_tokens": 852533,
            "cost_usd": 0.914049
          }
        }
      }
    ]
  }
}