{
  "type": "ranking",
  "k": 5,
  "hits_at": {
    "1": {
      "mean": 0.45454545454545453,
      "std": 0.0,
      "values": [
        0.45454545454545453
      ]
    },
    "2": {
      "mean": 0.5151515151515151,
      "std": 0.0,
      "values": [
        0.5151515151515151
      ]
    },
    "3": {
      "mean": 0.5454545454545454,
      "std": 0.0,
      "values": [
        0.5454545454545454
      ]
    },
    "4": {
      "mean": 0.6212121212121212,
      "std": 0.0,
      "values": [
        0.6212121212121212
      ]
    },
    "5": {
      "mean": 0.6515151515151515,
      "std": 0.0,
      "values": [
        0.6515151515151515
      ]
    }
  },
  "per_run": [
    {
      "total": 66,
      "k": 5,
      "hits_at": {
        "1": {
          "hits": 30,
          "accuracy": 0.45454545454545453
        },
        "2": {
          "hits": 34,
          "accuracy": 0.5151515151515151
        },
        "3": {
          "hits": 36,
          "accuracy": 0.5454545454545454
        },
        "4": {
          "hits": 41,
          "accuracy": 0.6212121212121212
        },
        "5": {
          "hits": 43,
          "accuracy": 0.6515151515151515
        }
      }
    }
  ],
  "runs": 1,
  "method": "anot",
  "data": "philly_cafes",
  "attack": "clean",
  "usage": {
    "total_calls": 943,
    "total_prompt_tokens": 3444046,
    "total_completion_tokens": 1501785,
    "total_tokens": 4945831,
    "total_cost_usd": 1.417678,
    "mean_cost_per_run": 1.417678,
    "per_run": [
      {
        "total_calls": 943,
        "total_prompt_tokens": 3444046,
        "total_completion_tokens": 1501785,
        "total_tokens": 4945831,
        "total_cost_usd": 1.417678,
        "total_latency_ms": 13416652.36,
        "avg_latency_ms": 14227.63,
        "by_model": {
          "gpt-5-nano": {
            "calls": 943,
            "prompt_tokens": 3444046,
            "completion_tokens": 1501785,
            "cost_usd": 1.417678
          }
        }
      }
    ]
  }
}