{
  "type": "ranking",
  "k": 5,
  "hits_at": {
    "1": {
      "mean": 0.4473684210526316,
      "std": 0.0,
      "values": [
        0.4473684210526316
      ]
    },
    "2": {
      "mean": 0.6052631578947368,
      "std": 0.0,
      "values": [
        0.6052631578947368
      ]
    },
    "3": {
      "mean": 0.6578947368421053,
      "std": 0.0,
      "values": [
        0.6578947368421053
      ]
    },
    "4": {
      "mean": 0.7631578947368421,
      "std": 0.0,
      "values": [
        0.7631578947368421
      ]
    },
    "5": {
      "mean": 0.7894736842105263,
      "std": 0.0,
      "values": [
        0.7894736842105263
      ]
    }
  },
  "per_run": [
    {
      "total": 38,
      "k": 5,
      "hits_at": {
        "1": {
          "hits": 17,
          "accuracy": 0.4473684210526316
        },
        "2": {
          "hits": 23,
          "accuracy": 0.6052631578947368
        },
        "3": {
          "hits": 25,
          "accuracy": 0.6578947368421053
        },
        "4": {
          "hits": 29,
          "accuracy": 0.7631578947368421
        },
        "5": {
          "hits": 30,
          "accuracy": 0.7894736842105263
        }
      }
    }
  ],
  "runs": 1,
  "method": "anot",
  "data": "philly_cafes",
  "attack": "clean",
  "usage": {
    "total_calls": 707,
    "total_prompt_tokens": 286599,
    "total_completion_tokens": 1444453,
    "total_tokens": 1731052,
    "total_cost_usd": 0.909662,
    "mean_cost_per_run": 0.909662,
    "per_run": [
      {
        "total_calls": 707,
        "total_prompt_tokens": 286599,
        "total_completion_tokens": 1444453,
        "total_tokens": 1731052,
        "total_cost_usd": 0.909662,
        "total_latency_ms": 64491109.35,
        "avg_latency_ms": 91217.98,
        "by_model": {
          "gpt-5-nano": {
            "calls": 707,
            "prompt_tokens": 286599,
            "completion_tokens": 1444453,
            "cost_usd": 0.909662
          }
        }
      }
    ]
  }
}