{
  "type": "ranking",
  "k": 5,
  "hits_at": {
    "1": {
      "mean": 0.016666666666666666,
      "std": 0.02886751345948129,
      "values": [
        0.0,
        0.0,
        0.05
      ]
    },
    "2": {
      "mean": 0.06666666666666667,
      "std": 0.07637626158259733,
      "values": [
        0.0,
        0.15,
        0.05
      ]
    },
    "3": {
      "mean": 0.13333333333333333,
      "std": 0.12583057392117916,
      "values": [
        0.0,
        0.25,
        0.15
      ]
    },
    "4": {
      "mean": 0.16666666666666666,
      "std": 0.1755942292142123,
      "values": [
        0.0,
        0.35,
        0.15
      ]
    },
    "5": {
      "mean": 0.18333333333333332,
      "std": 0.1755942292142123,
      "values": [
        0.0,
        0.35,
        0.2
      ]
    }
  },
  "per_run": [
    {
      "total": 20,
      "k": 5,
      "hits_at": {
        "1": {
          "hits": 0,
          "accuracy": 0.0
        },
        "2": {
          "hits": 0,
          "accuracy": 0.0
        },
        "3": {
          "hits": 0,
          "accuracy": 0.0
        },
        "4": {
          "hits": 0,
          "accuracy": 0.0
        },
        "5": {
          "hits": 0,
          "accuracy": 0.0
        }
      }
    },
    {
      "total": 20,
      "k": 5,
      "hits_at": {
        "1": {
          "hits": 0,
          "accuracy": 0.0
        },
        "2": {
          "hits": 3,
          "accuracy": 0.15
        },
        "3": {
          "hits": 5,
          "accuracy": 0.25
        },
        "4": {
          "hits": 7,
          "accuracy": 0.35
        },
        "5": {
          "hits": 7,
          "accuracy": 0.35
        }
      }
    },
    {
      "total": 20,
      "k": 5,
      "hits_at": {
        "1": {
          "hits": 1,
          "accuracy": 0.05
        },
        "2": {
          "hits": 1,
          "accuracy": 0.05
        },
        "3": {
          "hits": 3,
          "accuracy": 0.15
        },
        "4": {
          "hits": 3,
          "accuracy": 0.15
        },
        "5": {
          "hits": 4,
          "accuracy": 0.2
        }
      }
    }
  ],
  "runs": 3,
  "method": "cot_table",
  "data": "yelp",
  "selection": "selection_1",
  "attack": "clean"
}