{
  "type": "ranking",
  "k": 5,
  "hits_at": {
    "1": {
      "mean": 0.4473684210526316,
      "std": 0.0,
      "values": [
        0.4473684210526316
      ]
    },
    "2": {
      "mean": 0.5526315789473685,
      "std": 0.0,
      "values": [
        0.5526315789473685
      ]
    },
    "3": {
      "mean": 0.631578947368421,
      "std": 0.0,
      "values": [
        0.631578947368421
      ]
    },
    "4": {
      "mean": 0.631578947368421,
      "std": 0.0,
      "values": [
        0.631578947368421
      ]
    },
    "5": {
      "mean": 0.6578947368421053,
      "std": 0.0,
      "values": [
        0.6578947368421053
      ]
    }
  },
  "per_run": [
    {
      "total": 38,
      "k": 5,
      "hits_at": {
        "1": {
          "hits": 17,
          "accuracy": 0.4473684210526316
        },
        "2": {
          "hits": 21,
          "accuracy": 0.5526315789473685
        },
        "3": {
          "hits": 24,
          "accuracy": 0.631578947368421
        },
        "4": {
          "hits": 24,
          "accuracy": 0.631578947368421
        },
        "5": {
          "hits": 25,
          "accuracy": 0.6578947368421053
        }
      }
    }
  ],
  "runs": 1,
  "method": "cot",
  "data": "philly_cafes",
  "attack": "clean",
  "usage": {
    "total_calls": 0,
    "total_prompt_tokens": 0,
    "total_completion_tokens": 0,
    "total_tokens": 0,
    "total_cost_usd": 0.0,
    "mean_cost_per_run": 0.0,
    "per_run": [
      {
        "total_calls": 0,
        "total_prompt_tokens": 0,
        "total_completion_tokens": 0,
        "total_tokens": 0,
        "total_cost_usd": 0.0,
        "total_latency_ms": 0.0,
        "avg_latency_ms": 0.0,
        "by_model": {}
      }
    ]
  }
}