{
  "type": "ranking",
  "k": 5,
  "hits_at": {
    "1": {
      "mean": 0.6060606060606061,
      "std": 0.0,
      "values": [
        0.6060606060606061
      ]
    },
    "2": {
      "mean": 0.7272727272727273,
      "std": 0.0,
      "values": [
        0.7272727272727273
      ]
    },
    "3": {
      "mean": 0.7575757575757576,
      "std": 0.0,
      "values": [
        0.7575757575757576
      ]
    },
    "4": {
      "mean": 0.7575757575757576,
      "std": 0.0,
      "values": [
        0.7575757575757576
      ]
    },
    "5": {
      "mean": 0.8181818181818182,
      "std": 0.0,
      "values": [
        0.8181818181818182
      ]
    }
  },
  "per_run": [
    {
      "total": 66,
      "k": 5,
      "hits_at": {
        "1": {
          "hits": 40,
          "accuracy": 0.6060606060606061
        },
        "2": {
          "hits": 48,
          "accuracy": 0.7272727272727273
        },
        "3": {
          "hits": 50,
          "accuracy": 0.7575757575757576
        },
        "4": {
          "hits": 50,
          "accuracy": 0.7575757575757576
        },
        "5": {
          "hits": 54,
          "accuracy": 0.8181818181818182
        }
      }
    }
  ],
  "runs": 1,
  "method": "cot",
  "data": "philly_cafes",
  "attack": "clean",
  "usage": {
    "total_calls": 0,
    "total_prompt_tokens": 0,
    "total_completion_tokens": 0,
    "total_tokens": 0,
    "total_cost_usd": 0.0,
    "total_latency_ms": 0.0,
    "mean_latency_per_run_ms": 0.0,
    "mean_cost_per_run": 0.0,
    "per_run": [
      {
        "total_calls": 0,
        "total_prompt_tokens": 0,
        "total_completion_tokens": 0,
        "total_tokens": 0,
        "total_cost_usd": 0.0,
        "total_latency_ms": 0.0,
        "avg_latency_ms": 0.0,
        "by_model": {}
      }
    ]
  }
}